{"roc_auc": 0.8225446428571428, "accuracy": 0.7333333333333333, "f1_score": 0.7241379310344827}